[
    {
        "key": "group_659a1e3ecbea3",
        "title": "Apartment Details",
        "fields": [
            {
                "key": "field_65a46f05919b7",
                "label": "Apartment Informations",
                "name": "",
                "aria-label": "",
                "type": "tab",
                "instructions": "",
                "required": 0,
                "conditional_logic": 0,
                "wrapper": {
                    "width": "",
                    "class": "",
                    "id": ""
                },
                "placement": "top",
                "endpoint": 0
            },
            {
                "key": "field_659aa28ed5127",
                "label": "Is this featured apartment?",
                "name": "featured_apartment",
                "aria-label": "",
                "type": "true_false",
                "instructions": "",
                "required": 0,
                "conditional_logic": 0,
                "wrapper": {
                    "width": "100",
                    "class": "",
                    "id": ""
                },
                "message": "",
                "default_value": 0,
                "ui_on_text": "",
                "ui_off_text": "",
                "ui": 1
            },
            {
                "key": "field_659a1e3f407ba",
                "label": "Apartment Size",
                "name": "apartment_size",
                "aria-label": "",
                "type": "text",
                "instructions": "",
                "required": 0,
                "conditional_logic": 0,
                "wrapper": {
                    "width": "50",
                    "class": "",
                    "id": ""
                },
                "default_value": "",
                "maxlength": "",
                "placeholder": "500 SQ.M.",
                "prepend": "",
                "append": ""
            },
            {
                "key": "field_659a1e89eb83a",
                "label": "Apartment Price",
                "name": "apartment_price",
                "aria-label": "",
                "type": "text",
                "instructions": "",
                "required": 0,
                "conditional_logic": 0,
                "wrapper": {
                    "width": "50",
                    "class": "",
                    "id": ""
                },
                "default_value": "",
                "maxlength": "",
                "placeholder": "$1,500,000",
                "prepend": "",
                "append": ""
            },
            {
                "key": "field_659a1e93eb83b",
                "label": "Apartment Beds",
                "name": "apartment_beds",
                "aria-label": "",
                "type": "text",
                "instructions": "",
                "required": 0,
                "conditional_logic": 0,
                "wrapper": {
                    "width": "50",
                    "class": "",
                    "id": ""
                },
                "default_value": "",
                "maxlength": "",
                "placeholder": "x 3",
                "prepend": "",
                "append": ""
            },
            {
                "key": "field_659a1ea7eb83c",
                "label": "Apartment Baths",
                "name": "apartment_baths",
                "aria-label": "",
                "type": "text",
                "instructions": "",
                "required": 0,
                "conditional_logic": 0,
                "wrapper": {
                    "width": "50",
                    "class": "",
                    "id": ""
                },
                "default_value": "",
                "maxlength": "",
                "placeholder": "x 2",
                "prepend": "",
                "append": ""
            },
            {
                "key": "field_65a8b0f485942",
                "label": "Apartment Carousel Image",
                "name": "apartment_carousel_image",
                "aria-label": "",
                "type": "image",
                "instructions": "This image will override the feature image in Apartment Carousel.",
                "required": 0,
                "conditional_logic": 0,
                "wrapper": {
                    "width": "100",
                    "class": "",
                    "id": ""
                },
                "return_format": "array",
                "library": "all",
                "min_width": "",
                "min_height": "",
                "min_size": "",
                "max_width": "",
                "max_height": "",
                "max_size": "",
                "mime_types": "",
                "preview_size": "thumbnail"
            },
            {
                "key": "field_65a46f3eddf61",
                "label": "Custom Breadcrumb Settings",
                "name": "",
                "aria-label": "",
                "type": "tab",
                "instructions": "",
                "required": 0,
                "conditional_logic": 0,
                "wrapper": {
                    "width": "",
                    "class": "",
                    "id": ""
                },
                "placement": "top",
                "endpoint": 0
            },
            {
                "key": "field_65a46f41ddf62",
                "label": "Want to Hide Breadcrumb?",
                "name": "hide_page_breadcrumb",
                "aria-label": "",
                "type": "true_false",
                "instructions": "Hide breadcrumb from this page.",
                "required": 0,
                "conditional_logic": 0,
                "wrapper": {
                    "width": "",
                    "class": "",
                    "id": ""
                },
                "message": "",
                "default_value": 0,
                "ui_on_text": "Yes",
                "ui_off_text": "No",
                "ui": 1
            },
            {
                "key": "field_65a46f45ddf63",
                "label": "Breadcrumb Background Image",
                "name": "breadcrumb_page_bg_image",
                "aria-label": "",
                "type": "image",
                "instructions": "",
                "required": 0,
                "conditional_logic": [
                    [
                        {
                            "field": "field_65a46f41ddf62",
                            "operator": "!=",
                            "value": "1"
                        }
                    ]
                ],
                "wrapper": {
                    "width": "33",
                    "class": "",
                    "id": ""
                },
                "return_format": "array",
                "library": "all",
                "min_width": "",
                "min_height": "",
                "min_size": "",
                "max_width": "",
                "max_height": "",
                "max_size": "",
                "mime_types": "",
                "preview_size": "thumbnail"
            },
            {
                "key": "field_65a46f49ddf64",
                "label": "Breadcrumb Title",
                "name": "page_breadcrumb_title",
                "aria-label": "",
                "type": "text",
                "instructions": "",
                "required": 0,
                "conditional_logic": [
                    [
                        {
                            "field": "field_65a46f41ddf62",
                            "operator": "!=",
                            "value": "1"
                        }
                    ]
                ],
                "wrapper": {
                    "width": "33",
                    "class": "",
                    "id": ""
                },
                "default_value": "",
                "maxlength": "",
                "placeholder": "",
                "prepend": "",
                "append": ""
            },
            {
                "key": "field_65a46f4cddf65",
                "label": "Show Breadcrumb Navigation?",
                "name": "show_page_breadcrumb_navigation",
                "aria-label": "",
                "type": "true_false",
                "instructions": "",
                "required": 0,
                "conditional_logic": [
                    [
                        {
                            "field": "field_65a46f41ddf62",
                            "operator": "!=",
                            "value": "1"
                        }
                    ]
                ],
                "wrapper": {
                    "width": "33",
                    "class": "",
                    "id": ""
                },
                "message": "",
                "default_value": 1,
                "ui_on_text": "Yes",
                "ui_off_text": "No",
                "ui": 1
            }
        ],
        "location": [
            [
                {
                    "param": "post_type",
                    "operator": "==",
                    "value": "apartments"
                }
            ]
        ],
        "menu_order": 0,
        "position": "normal",
        "style": "default",
        "label_placement": "top",
        "instruction_placement": "label",
        "hide_on_screen": "",
        "active": true,
        "description": "",
        "show_in_rest": 0
    },
    {
        "key": "group_64e09d0e1c49e",
        "title": "Audio Post Meta",
        "fields": [
            {
                "key": "field_64e09d0edb35d",
                "label": "Post Audio Link",
                "name": "post_audio_link",
                "aria-label": "",
                "type": "text",
                "instructions": "",
                "required": 0,
                "conditional_logic": 0,
                "wrapper": {
                    "width": "",
                    "class": "",
                    "id": ""
                },
                "default_value": "",
                "maxlength": "",
                "placeholder": "",
                "prepend": "",
                "append": ""
            }
        ],
        "location": [
            [
                {
                    "param": "post_format",
                    "operator": "==",
                    "value": "audio"
                }
            ]
        ],
        "menu_order": 0,
        "position": "normal",
        "style": "default",
        "label_placement": "top",
        "instruction_placement": "label",
        "hide_on_screen": "",
        "active": true,
        "description": "",
        "show_in_rest": 0
    },
    {
        "key": "group_658c35b6807e2",
        "title": "Gallery Post Meta",
        "fields": [
            {
                "key": "field_658c35b65ed40",
                "label": "Post Gallery Images",
                "name": "post_gallery_images",
                "aria-label": "",
                "type": "gallery",
                "instructions": "",
                "required": 0,
                "conditional_logic": 0,
                "wrapper": {
                    "width": "",
                    "class": "",
                    "id": ""
                },
                "return_format": "array",
                "library": "all",
                "min": "",
                "max": "",
                "min_width": "",
                "min_height": "",
                "min_size": "",
                "max_width": "",
                "max_height": "",
                "max_size": "",
                "mime_types": "",
                "insert": "append",
                "preview_size": "thumbnail"
            }
        ],
        "location": [
            [
                {
                    "param": "post_format",
                    "operator": "==",
                    "value": "gallery"
                }
            ]
        ],
        "menu_order": 0,
        "position": "normal",
        "style": "default",
        "label_placement": "top",
        "instruction_placement": "label",
        "hide_on_screen": "",
        "active": true,
        "description": "",
        "show_in_rest": 0
    },
    {
        "key": "group_5ee5a1f9c8794",
        "title": "Page Settings Metabox",
        "fields": [
            {
                "key": "field_64ddf8666c369",
                "label": "Custom Breadcrumb Settings",
                "name": "",
                "aria-label": "",
                "type": "tab",
                "instructions": "",
                "required": 0,
                "conditional_logic": 0,
                "wrapper": {
                    "width": "",
                    "class": "",
                    "id": ""
                },
                "placement": "top",
                "endpoint": 0
            },
            {
                "key": "field_5ee5a2875481b",
                "label": "Want to Hide Breadcrumb?",
                "name": "hide_page_breadcrumb",
                "aria-label": "",
                "type": "true_false",
                "instructions": "Hide breadcrumb from this page.",
                "required": 0,
                "conditional_logic": 0,
                "wrapper": {
                    "width": "",
                    "class": "",
                    "id": ""
                },
                "message": "",
                "default_value": 0,
                "ui_on_text": "Yes",
                "ui_off_text": "No",
                "ui": 1
            },
            {
                "key": "field_5ee5a3275481c",
                "label": "Breadcrumb Background Image",
                "name": "breadcrumb_page_bg_image",
                "aria-label": "",
                "type": "image",
                "instructions": "",
                "required": 0,
                "conditional_logic": [
                    [
                        {
                            "field": "field_5ee5a2875481b",
                            "operator": "!=",
                            "value": "1"
                        }
                    ]
                ],
                "wrapper": {
                    "width": "33",
                    "class": "",
                    "id": ""
                },
                "return_format": "array",
                "library": "all",
                "min_width": "",
                "min_height": "",
                "min_size": "",
                "max_width": "",
                "max_height": "",
                "max_size": "",
                "mime_types": "",
                "preview_size": "thumbnail"
            },
            {
                "key": "field_64e083d0cfd11",
                "label": "Breadcrumb Title",
                "name": "page_breadcrumb_title",
                "aria-label": "",
                "type": "text",
                "instructions": "",
                "required": 0,
                "conditional_logic": [
                    [
                        {
                            "field": "field_5ee5a2875481b",
                            "operator": "!=",
                            "value": "1"
                        }
                    ]
                ],
                "wrapper": {
                    "width": "33",
                    "class": "",
                    "id": ""
                },
                "default_value": "",
                "maxlength": "",
                "placeholder": "",
                "prepend": "",
                "append": ""
            },
            {
                "key": "field_64e08317b2809",
                "label": "Show Breadcrumb Navigation?",
                "name": "show_page_breadcrumb_navigation",
                "aria-label": "",
                "type": "true_false",
                "instructions": "",
                "required": 0,
                "conditional_logic": [
                    [
                        {
                            "field": "field_5ee5a2875481b",
                            "operator": "!=",
                            "value": "1"
                        }
                    ]
                ],
                "wrapper": {
                    "width": "33",
                    "class": "",
                    "id": ""
                },
                "message": "",
                "default_value": 1,
                "ui_on_text": "Yes",
                "ui_off_text": "No",
                "ui": 1
            },
            {
                "key": "field_64ddf8acd8b3a",
                "label": "Custom Header Settings",
                "name": "",
                "aria-label": "",
                "type": "tab",
                "instructions": "",
                "required": 0,
                "conditional_logic": 0,
                "wrapper": {
                    "width": "",
                    "class": "",
                    "id": ""
                },
                "placement": "top",
                "endpoint": 0
            },
            {
                "key": "field_64e04dc1331e0",
                "label": "Enable Settings",
                "name": "enable_header_settings",
                "aria-label": "",
                "type": "true_false",
                "instructions": "Do you want to enable custom footer settings for this page?",
                "required": 0,
                "conditional_logic": 0,
                "wrapper": {
                    "width": "40",
                    "class": "",
                    "id": ""
                },
                "message": "",
                "default_value": 0,
                "ui_on_text": "",
                "ui_off_text": "",
                "ui": 1
            },
            {
                "key": "field_654d77e3c5ee8",
                "label": "Select Headers",
                "name": "select_page_headers",
                "aria-label": "",
                "type": "select",
                "instructions": "Select header style for this page.",
                "required": 0,
                "conditional_logic": [
                    [
                        {
                            "field": "field_64e04dc1331e0",
                            "operator": "==",
                            "value": "1"
                        }
                    ]
                ],
                "wrapper": {
                    "width": "40",
                    "class": "",
                    "id": ""
                },
                "choices": {
                    "default-headers": "Default Headers",
                    "elementor-headers": "Elementor Headers"
                },
                "default_value": "default-headers",
                "return_format": "value",
                "multiple": 0,
                "allow_null": 1,
                "ui": 0,
                "ajax": 0,
                "placeholder": ""
            },
            {
                "key": "field_654d79ab68b50",
                "label": "Select Elementor Header Style",
                "name": "page_elementor_header_style",
                "aria-label": "",
                "type": "post_object",
                "instructions": "Select header style for this page.",
                "required": 0,
                "conditional_logic": [
                    [
                        {
                            "field": "field_64e04dc1331e0",
                            "operator": "==",
                            "value": "1"
                        },
                        {
                            "field": "field_654d77e3c5ee8",
                            "operator": "==",
                            "value": "elementor-headers"
                        }
                    ]
                ],
                "wrapper": {
                    "width": "40",
                    "class": "",
                    "id": ""
                },
                "post_type": [
                    "tj-header-builder"
                ],
                "post_status": [
                    "publish"
                ],
                "taxonomy": "",
                "return_format": "object",
                "multiple": 0,
                "allow_null": 0,
                "bidirectional": 0,
                "ui": 1,
                "bidirectional_target": []
            },
            {
                "key": "field_5ee5b7e62edef",
                "label": "Select Default Header Style",
                "name": "page_default_header_style",
                "aria-label": "",
                "type": "select",
                "instructions": "Select header style for this page.",
                "required": 0,
                "conditional_logic": [
                    [
                        {
                            "field": "field_654d77e3c5ee8",
                            "operator": "==",
                            "value": "default-headers"
                        },
                        {
                            "field": "field_64e04dc1331e0",
                            "operator": "==",
                            "value": "1"
                        }
                    ]
                ],
                "wrapper": {
                    "width": "40",
                    "class": "",
                    "id": ""
                },
                "choices": {
                    "header-style-1": "Header Style 1",
                    "header-style-2": "Header Style 2",
                    "header-style-3": "Header Style 3",
                    "header-style-4": "Header Style 4"
                },
                "default_value": false,
                "return_format": "value",
                "multiple": 0,
                "allow_null": 1,
                "ui": 0,
                "ajax": 0,
                "placeholder": ""
            },
            {
                "key": "field_654d81c9c6a1b",
                "label": "Is header sticky?",
                "name": "is_page_header_sticky",
                "aria-label": "",
                "type": "true_false",
                "instructions": "",
                "required": 0,
                "conditional_logic": [
                    [
                        {
                            "field": "field_654d77e3c5ee8",
                            "operator": "==",
                            "value": "default-headers"
                        },
                        {
                            "field": "field_64e04dc1331e0",
                            "operator": "==",
                            "value": "1"
                        }
                    ]
                ],
                "wrapper": {
                    "width": "20",
                    "class": "",
                    "id": ""
                },
                "message": "",
                "default_value": 0,
                "ui_on_text": "",
                "ui_off_text": "",
                "ui": 1
            },
            {
                "key": "field_654d821b6fa95",
                "label": "Is header absolute?",
                "name": "is_page_header_absolute",
                "aria-label": "",
                "type": "true_false",
                "instructions": "",
                "required": 0,
                "conditional_logic": [
                    [
                        {
                            "field": "field_654d77e3c5ee8",
                            "operator": "==",
                            "value": "default-headers"
                        },
                        {
                            "field": "field_64e04dc1331e0",
                            "operator": "==",
                            "value": "1"
                        }
                    ]
                ],
                "wrapper": {
                    "width": "20",
                    "class": "",
                    "id": ""
                },
                "message": "",
                "default_value": 0,
                "ui_on_text": "",
                "ui_off_text": "",
                "ui": 1
            },
            {
                "key": "field_64e04ebb2583f",
                "label": "Contact Number",
                "name": "page_contact_number",
                "aria-label": "",
                "type": "true_false",
                "instructions": "",
                "required": 0,
                "conditional_logic": [
                    [
                        {
                            "field": "field_654d77e3c5ee8",
                            "operator": "==",
                            "value": "default-headers"
                        },
                        {
                            "field": "field_64e04dc1331e0",
                            "operator": "==",
                            "value": "1"
                        },
                        {
                            "field": "field_5ee5b7e62edef",
                            "operator": "!=",
                            "value": "header-style-3"
                        },
                        {
                            "field": "field_5ee5b7e62edef",
                            "operator": "!=",
                            "value": "header-style-4"
                        }
                    ]
                ],
                "wrapper": {
                    "width": "20",
                    "class": "",
                    "id": ""
                },
                "message": "",
                "default_value": 1,
                "ui_on_text": "",
                "ui_off_text": "",
                "ui": 1
            },
            {
                "key": "field_65a80c728eb7d",
                "label": "Show Topbar",
                "name": "page_header_topbar",
                "aria-label": "",
                "type": "true_false",
                "instructions": "",
                "required": 0,
                "conditional_logic": [
                    [
                        {
                            "field": "field_654d77e3c5ee8",
                            "operator": "==",
                            "value": "default-headers"
                        },
                        {
                            "field": "field_64e04dc1331e0",
                            "operator": "==",
                            "value": "1"
                        },
                        {
                            "field": "field_5ee5b7e62edef",
                            "operator": "==",
                            "value": "header-style-4"
                        }
                    ]
                ],
                "wrapper": {
                    "width": "20",
                    "class": "",
                    "id": ""
                },
                "message": "",
                "default_value": 1,
                "ui_on_text": "",
                "ui_off_text": "",
                "ui": 1
            },
            {
                "key": "field_65a80c9a8eb7e",
                "label": "Topbar Email",
                "name": "page_header_topbar_email",
                "aria-label": "",
                "type": "true_false",
                "instructions": "",
                "required": 0,
                "conditional_logic": [
                    [
                        {
                            "field": "field_654d77e3c5ee8",
                            "operator": "==",
                            "value": "default-headers"
                        },
                        {
                            "field": "field_64e04dc1331e0",
                            "operator": "==",
                            "value": "1"
                        },
                        {
                            "field": "field_65a80c728eb7d",
                            "operator": "==",
                            "value": "1"
                        }
                    ]
                ],
                "wrapper": {
                    "width": "33",
                    "class": "",
                    "id": ""
                },
                "message": "",
                "default_value": 1,
                "ui_on_text": "",
                "ui_off_text": "",
                "ui": 1
            },
            {
                "key": "field_65a80d058eb7f",
                "label": "Topbar Contact No",
                "name": "page_header_topbar_contact_no",
                "aria-label": "",
                "type": "true_false",
                "instructions": "",
                "required": 0,
                "conditional_logic": [
                    [
                        {
                            "field": "field_654d77e3c5ee8",
                            "operator": "==",
                            "value": "default-headers"
                        },
                        {
                            "field": "field_64e04dc1331e0",
                            "operator": "==",
                            "value": "1"
                        },
                        {
                            "field": "field_65a80c728eb7d",
                            "operator": "==",
                            "value": "1"
                        }
                    ]
                ],
                "wrapper": {
                    "width": "33",
                    "class": "",
                    "id": ""
                },
                "message": "",
                "default_value": 1,
                "ui_on_text": "",
                "ui_off_text": "",
                "ui": 1
            },
            {
                "key": "field_65a80d1e8eb80",
                "label": "Topbar Socials",
                "name": "page_header_topbar_socials",
                "aria-label": "",
                "type": "true_false",
                "instructions": "",
                "required": 0,
                "conditional_logic": [
                    [
                        {
                            "field": "field_654d77e3c5ee8",
                            "operator": "==",
                            "value": "default-headers"
                        },
                        {
                            "field": "field_64e04dc1331e0",
                            "operator": "==",
                            "value": "1"
                        },
                        {
                            "field": "field_65a80c728eb7d",
                            "operator": "==",
                            "value": "1"
                        }
                    ]
                ],
                "wrapper": {
                    "width": "33",
                    "class": "",
                    "id": ""
                },
                "message": "",
                "default_value": 1,
                "ui_on_text": "",
                "ui_off_text": "",
                "ui": 1
            },
            {
                "key": "field_652e22658902e",
                "label": "Show Sidebar",
                "name": "page_header_sidebar",
                "aria-label": "",
                "type": "true_false",
                "instructions": "",
                "required": 0,
                "conditional_logic": [
                    [
                        {
                            "field": "field_654d77e3c5ee8",
                            "operator": "==",
                            "value": "default-headers"
                        },
                        {
                            "field": "field_64e04dc1331e0",
                            "operator": "==",
                            "value": "1"
                        },
                        {
                            "field": "field_5ee5b7e62edef",
                            "operator": "==",
                            "value": "header-style-3"
                        }
                    ]
                ],
                "wrapper": {
                    "width": "20",
                    "class": "",
                    "id": ""
                },
                "message": "",
                "default_value": 0,
                "ui_on_text": "",
                "ui_off_text": "",
                "ui": 1
            },
            {
                "key": "field_659ad1d6d9104",
                "label": "Sidebar Title",
                "name": "page_header_sidebar_title",
                "aria-label": "",
                "type": "textarea",
                "instructions": "",
                "required": 0,
                "conditional_logic": [
                    [
                        {
                            "field": "field_654d77e3c5ee8",
                            "operator": "==",
                            "value": "default-headers"
                        },
                        {
                            "field": "field_64e04dc1331e0",
                            "operator": "==",
                            "value": "1"
                        },
                        {
                            "field": "field_652e22658902e",
                            "operator": "==",
                            "value": "1"
                        }
                    ]
                ],
                "wrapper": {
                    "width": "40",
                    "class": "",
                    "id": ""
                },
                "default_value": "Here is a Quick Search Through All of Our Apartments.",
                "maxlength": "",
                "rows": 3,
                "placeholder": "",
                "new_lines": ""
            },
            {
                "key": "field_659ad2787cce0",
                "label": "Show Sidebar Apartments",
                "name": "page_show_apartments",
                "aria-label": "",
                "type": "number",
                "instructions": "",
                "required": 0,
                "conditional_logic": [
                    [
                        {
                            "field": "field_654d77e3c5ee8",
                            "operator": "==",
                            "value": "default-headers"
                        },
                        {
                            "field": "field_64e04dc1331e0",
                            "operator": "==",
                            "value": "1"
                        },
                        {
                            "field": "field_652e22658902e",
                            "operator": "==",
                            "value": "1"
                        }
                    ]
                ],
                "wrapper": {
                    "width": "30",
                    "class": "",
                    "id": ""
                },
                "default_value": 6,
                "min": "",
                "max": "",
                "placeholder": "",
                "step": "",
                "prepend": "",
                "append": ""
            },
            {
                "key": "field_659ad2c97cce1",
                "label": "Choose Sidebar Apartments",
                "name": "page_choose_apartments",
                "aria-label": "",
                "type": "post_object",
                "instructions": "",
                "required": 0,
                "conditional_logic": [
                    [
                        {
                            "field": "field_654d77e3c5ee8",
                            "operator": "==",
                            "value": "default-headers"
                        },
                        {
                            "field": "field_64e04dc1331e0",
                            "operator": "==",
                            "value": "1"
                        },
                        {
                            "field": "field_652e22658902e",
                            "operator": "==",
                            "value": "1"
                        }
                    ]
                ],
                "wrapper": {
                    "width": "30",
                    "class": "",
                    "id": ""
                },
                "post_type": [
                    "apartments"
                ],
                "post_status": [
                    "publish"
                ],
                "taxonomy": "",
                "return_format": "id",
                "multiple": 1,
                "allow_null": 0,
                "bidirectional": 0,
                "ui": 1,
                "bidirectional_target": []
            },
            {
                "key": "field_64e05505b1626",
                "label": "Header Button",
                "name": "page_header_button",
                "aria-label": "",
                "type": "true_false",
                "instructions": "",
                "required": 0,
                "conditional_logic": [
                    [
                        {
                            "field": "field_654d77e3c5ee8",
                            "operator": "==",
                            "value": "default-headers"
                        },
                        {
                            "field": "field_64e04dc1331e0",
                            "operator": "==",
                            "value": "1"
                        }
                    ]
                ],
                "wrapper": {
                    "width": "33",
                    "class": "",
                    "id": ""
                },
                "message": "",
                "default_value": 1,
                "ui_on_text": "",
                "ui_off_text": "",
                "ui": 1
            },
            {
                "key": "field_64e0551cb1627",
                "label": "Header Button Text",
                "name": "page_header_button_text",
                "aria-label": "",
                "type": "text",
                "instructions": "",
                "required": 0,
                "conditional_logic": [
                    [
                        {
                            "field": "field_654d77e3c5ee8",
                            "operator": "==",
                            "value": "default-headers"
                        },
                        {
                            "field": "field_64e04dc1331e0",
                            "operator": "==",
                            "value": "1"
                        },
                        {
                            "field": "field_64e05505b1626",
                            "operator": "==",
                            "value": "1"
                        },
                        {
                            "field": "field_64e5d14d5585d",
                            "operator": "==",
                            "value": "1"
                        }
                    ],
                    [
                        {
                            "field": "field_64e05505b1626",
                            "operator": "==",
                            "value": "1"
                        }
                    ]
                ],
                "wrapper": {
                    "width": "33",
                    "class": "",
                    "id": ""
                },
                "default_value": "",
                "maxlength": "",
                "placeholder": "",
                "prepend": "",
                "append": ""
            },
            {
                "key": "field_64e05565b1629",
                "label": "Header Button Link",
                "name": "page_header_button_link",
                "aria-label": "",
                "type": "text",
                "instructions": "",
                "required": 0,
                "conditional_logic": [
                    [
                        {
                            "field": "field_654d77e3c5ee8",
                            "operator": "==",
                            "value": "default-headers"
                        },
                        {
                            "field": "field_64e04dc1331e0",
                            "operator": "==",
                            "value": "1"
                        },
                        {
                            "field": "field_64e05505b1626",
                            "operator": "==",
                            "value": "1"
                        },
                        {
                            "field": "field_64e5d14d5585d",
                            "operator": "==",
                            "value": "1"
                        }
                    ],
                    [
                        {
                            "field": "field_64e05505b1626",
                            "operator": "==",
                            "value": "1"
                        }
                    ]
                ],
                "wrapper": {
                    "width": "33",
                    "class": "",
                    "id": ""
                },
                "default_value": "",
                "maxlength": "",
                "placeholder": "",
                "prepend": "",
                "append": ""
            },
            {
                "key": "field_64ddfc8477396",
                "label": "Custom Footer Settings",
                "name": "",
                "aria-label": "",
                "type": "tab",
                "instructions": "",
                "required": 0,
                "conditional_logic": 0,
                "wrapper": {
                    "width": "",
                    "class": "",
                    "id": ""
                },
                "placement": "top",
                "endpoint": 0
            },
            {
                "key": "field_64de01866b7be",
                "label": "Enable Settings",
                "name": "enable_footer_settings",
                "aria-label": "",
                "type": "true_false",
                "instructions": "Do you want to enable custom footer settings for this page?",
                "required": 0,
                "conditional_logic": 0,
                "wrapper": {
                    "width": "40",
                    "class": "",
                    "id": ""
                },
                "message": "",
                "default_value": 0,
                "ui_on_text": "",
                "ui_off_text": "",
                "ui": 1
            },
            {
                "key": "field_654d984844b5b",
                "label": "Select Footers",
                "name": "select_page_footers",
                "aria-label": "",
                "type": "select",
                "instructions": "Select header style for this page.",
                "required": 0,
                "conditional_logic": [
                    [
                        {
                            "field": "field_64de01866b7be",
                            "operator": "==",
                            "value": "1"
                        }
                    ]
                ],
                "wrapper": {
                    "width": "40",
                    "class": "",
                    "id": ""
                },
                "choices": {
                    "default-footers": "Default Footers",
                    "elementor-footers": "Elementor Footers"
                },
                "default_value": "default-footers",
                "return_format": "value",
                "multiple": 0,
                "allow_null": 1,
                "ui": 0,
                "ajax": 0,
                "placeholder": ""
            },
            {
                "key": "field_654d99763a416",
                "label": "Select Elementor Footer Style",
                "name": "page_elementor_footer_style",
                "aria-label": "",
                "type": "post_object",
                "instructions": "Select footer style for this page.",
                "required": 0,
                "conditional_logic": [
                    [
                        {
                            "field": "field_64de01866b7be",
                            "operator": "==",
                            "value": "1"
                        },
                        {
                            "field": "field_654d984844b5b",
                            "operator": "==",
                            "value": "elementor-footers"
                        }
                    ]
                ],
                "wrapper": {
                    "width": "40",
                    "class": "",
                    "id": ""
                },
                "post_type": [
                    "tj-footer-builder"
                ],
                "post_status": [
                    "publish"
                ],
                "taxonomy": "",
                "return_format": "object",
                "multiple": 0,
                "allow_null": 0,
                "bidirectional": 0,
                "ui": 1,
                "bidirectional_target": []
            },
            {
                "key": "field_5efb0ded987fe",
                "label": "Select Default Footer Style",
                "name": "page_default_footer_style",
                "aria-label": "",
                "type": "select",
                "instructions": "Select footer style for this page.",
                "required": 0,
                "conditional_logic": [
                    [
                        {
                            "field": "field_654d984844b5b",
                            "operator": "==",
                            "value": "default-footers"
                        },
                        {
                            "field": "field_64de01866b7be",
                            "operator": "==",
                            "value": "1"
                        }
                    ]
                ],
                "wrapper": {
                    "width": "40",
                    "class": "",
                    "id": ""
                },
                "choices": {
                    "footer-style-1": "Footer Style 1",
                    "footer-style-2": "Footer Style 2",
                    "footer-style-3": "Footer Style 3"
                },
                "default_value": "footer-style-1",
                "return_format": "value",
                "multiple": 0,
                "allow_null": 1,
                "ui": 0,
                "ajax": 0,
                "placeholder": ""
            },
            {
                "key": "field_5f0d8782e4a95",
                "label": "Footer Background Image",
                "name": "page_footer_bg_img",
                "aria-label": "",
                "type": "image",
                "instructions": "",
                "required": 0,
                "conditional_logic": [
                    [
                        {
                            "field": "field_654d984844b5b",
                            "operator": "==",
                            "value": "default-footers"
                        },
                        {
                            "field": "field_64de01866b7be",
                            "operator": "==",
                            "value": "1"
                        }
                    ]
                ],
                "wrapper": {
                    "width": "20",
                    "class": "",
                    "id": ""
                },
                "return_format": "array",
                "library": "all",
                "min_width": "",
                "min_height": "",
                "min_size": "",
                "max_width": "",
                "max_height": "",
                "max_size": "",
                "mime_types": "",
                "preview_size": "thumbnail"
            },
            {
                "key": "field_5f0d88eae4a96",
                "label": "Footer Background Color",
                "name": "page_footer_bg_color",
                "aria-label": "",
                "type": "color_picker",
                "instructions": "",
                "required": 0,
                "conditional_logic": [
                    [
                        {
                            "field": "field_654d984844b5b",
                            "operator": "==",
                            "value": "default-footers"
                        },
                        {
                            "field": "field_64de01866b7be",
                            "operator": "==",
                            "value": "1"
                        }
                    ]
                ],
                "wrapper": {
                    "width": "20",
                    "class": "",
                    "id": ""
                },
                "default_value": "",
                "enable_opacity": 0,
                "return_format": "string"
            },
            {
                "key": "field_64e03cbb744bc",
                "label": "Footer Menu",
                "name": "page_footer_menu",
                "aria-label": "",
                "type": "true_false",
                "instructions": "",
                "required": 0,
                "conditional_logic": [
                    [
                        {
                            "field": "field_654d984844b5b",
                            "operator": "==",
                            "value": "default-footers"
                        },
                        {
                            "field": "field_64de01866b7be",
                            "operator": "==",
                            "value": "1"
                        }
                    ]
                ],
                "wrapper": {
                    "width": "20",
                    "class": "",
                    "id": ""
                },
                "message": "",
                "default_value": 1,
                "ui_on_text": "",
                "ui_off_text": "",
                "ui": 1
            }
        ],
        "location": [
            [
                {
                    "param": "post_type",
                    "operator": "==",
                    "value": "page"
                }
            ]
        ],
        "menu_order": 0,
        "position": "normal",
        "style": "default",
        "label_placement": "top",
        "instruction_placement": "label",
        "hide_on_screen": "",
        "active": true,
        "description": "",
        "show_in_rest": 0
    },
    {
        "key": "group_65a2ac968b17d",
        "title": "Team Meta Settings",
        "fields": [
            {
                "key": "field_65a2ac97261c9",
                "label": "Member Information",
                "name": "",
                "aria-label": "",
                "type": "tab",
                "instructions": "",
                "required": 0,
                "conditional_logic": 0,
                "wrapper": {
                    "width": "",
                    "class": "",
                    "id": ""
                },
                "placement": "top",
                "endpoint": 0
            },
            {
                "key": "field_65a2acc831c47",
                "label": "Designation",
                "name": "designation",
                "aria-label": "",
                "type": "text",
                "instructions": "",
                "required": 0,
                "conditional_logic": 0,
                "wrapper": {
                    "width": "",
                    "class": "",
                    "id": ""
                },
                "default_value": "",
                "maxlength": "",
                "placeholder": "Type member designation here.",
                "prepend": "",
                "append": ""
            },
            {
                "key": "field_65a2ad0531c48",
                "label": "Member Socials",
                "name": "member_socials",
                "aria-label": "",
                "type": "repeater",
                "instructions": "",
                "required": 0,
                "conditional_logic": 0,
                "wrapper": {
                    "width": "",
                    "class": "",
                    "id": ""
                },
                "layout": "row",
                "pagination": 0,
                "min": 0,
                "max": 0,
                "collapsed": "",
                "button_label": "Add Row",
                "rows_per_page": 20,
                "sub_fields": [
                    {
                        "key": "field_65a2ae5e4af05",
                        "label": "Social Link",
                        "name": "social_link",
                        "aria-label": "",
                        "type": "text",
                        "instructions": "",
                        "required": 0,
                        "conditional_logic": 0,
                        "wrapper": {
                            "width": "",
                            "class": "",
                            "id": ""
                        },
                        "default_value": "#",
                        "maxlength": "",
                        "placeholder": "",
                        "prepend": "",
                        "append": "",
                        "parent_repeater": "field_65a2ad0531c48"
                    },
                    {
                        "key": "field_65a2ae6f4af06",
                        "label": "Social Icon",
                        "name": "social_icon",
                        "aria-label": "",
                        "type": "font-awesome",
                        "instructions": "",
                        "required": 0,
                        "conditional_logic": 0,
                        "wrapper": {
                            "width": "",
                            "class": "",
                            "id": ""
                        },
                        "icon_sets": [
                            "solid",
                            "regular",
                            "brands"
                        ],
                        "custom_icon_set": "",
                        "default_label": "&lt;i class=\"fa-brands fa-facebook-f fa-fw\"&gt;&lt;\/i&gt; Facebook F",
                        "default_value": "{ \"style\" : \"brands\", \"id\" : \"facebook-f\", \"label\" : \"Facebook F\", \"unicode\" : \"f39e\" }",
                        "save_format": "element",
                        "allow_null": 0,
                        "show_preview": 1,
                        "enqueue_fa": 0,
                        "fa_live_preview": "",
                        "choices": [],
                        "parent_repeater": "field_65a2ad0531c48"
                    }
                ]
            },
            {
                "key": "field_65a2c248c0913",
                "label": "Custom Breadcrumb Settings",
                "name": "",
                "aria-label": "",
                "type": "tab",
                "instructions": "",
                "required": 0,
                "conditional_logic": 0,
                "wrapper": {
                    "width": "",
                    "class": "",
                    "id": ""
                },
                "placement": "top",
                "endpoint": 0
            },
            {
                "key": "field_65a2c261f433f",
                "label": "Want to Hide Breadcrumb?",
                "name": "hide_page_breadcrumb",
                "aria-label": "",
                "type": "true_false",
                "instructions": "Hide breadcrumb from this page.",
                "required": 0,
                "conditional_logic": 0,
                "wrapper": {
                    "width": "",
                    "class": "",
                    "id": ""
                },
                "message": "",
                "default_value": 0,
                "ui_on_text": "Yes",
                "ui_off_text": "No",
                "ui": 1
            },
            {
                "key": "field_65a2c264f4340",
                "label": "Breadcrumb Background Image",
                "name": "breadcrumb_page_bg_image",
                "aria-label": "",
                "type": "image",
                "instructions": "",
                "required": 0,
                "conditional_logic": [
                    [
                        {
                            "field": "field_65a2c261f433f",
                            "operator": "!=",
                            "value": "1"
                        }
                    ]
                ],
                "wrapper": {
                    "width": "33",
                    "class": "",
                    "id": ""
                },
                "return_format": "array",
                "library": "all",
                "min_width": "",
                "min_height": "",
                "min_size": "",
                "max_width": "",
                "max_height": "",
                "max_size": "",
                "mime_types": "",
                "preview_size": "thumbnail"
            },
            {
                "key": "field_65a2c270f4342",
                "label": "Show Breadcrumb Navigation?",
                "name": "show_page_breadcrumb_navigation",
                "aria-label": "",
                "type": "true_false",
                "instructions": "",
                "required": 0,
                "conditional_logic": [
                    [
                        {
                            "field": "field_65a2c261f433f",
                            "operator": "!=",
                            "value": "1"
                        }
                    ]
                ],
                "wrapper": {
                    "width": "33",
                    "class": "",
                    "id": ""
                },
                "message": "",
                "default_value": 1,
                "ui_on_text": "Yes",
                "ui_off_text": "No",
                "ui": 1
            },
            {
                "key": "field_65a2c26cf4341",
                "label": "Breadcrumb Title",
                "name": "page_breadcrumb_title",
                "aria-label": "",
                "type": "text",
                "instructions": "",
                "required": 0,
                "conditional_logic": [
                    [
                        {
                            "field": "field_65a2c261f433f",
                            "operator": "!=",
                            "value": "1"
                        }
                    ]
                ],
                "wrapper": {
                    "width": "33",
                    "class": "",
                    "id": ""
                },
                "default_value": "",
                "maxlength": "",
                "placeholder": "",
                "prepend": "",
                "append": ""
            }
        ],
        "location": [
            [
                {
                    "param": "post_type",
                    "operator": "==",
                    "value": "teams"
                }
            ]
        ],
        "menu_order": 0,
        "position": "normal",
        "style": "default",
        "label_placement": "top",
        "instruction_placement": "label",
        "hide_on_screen": "",
        "active": true,
        "description": "",
        "show_in_rest": 0
    },
    {
        "key": "group_64e09c3e58854",
        "title": "Video Post Meta",
        "fields": [
            {
                "key": "field_64e09c3f68812",
                "label": "Post Video LInk",
                "name": "post_video_link",
                "aria-label": "",
                "type": "text",
                "instructions": "",
                "required": 0,
                "conditional_logic": 0,
                "wrapper": {
                    "width": "",
                    "class": "",
                    "id": ""
                },
                "default_value": "",
                "maxlength": "",
                "placeholder": "",
                "prepend": "",
                "append": ""
            }
        ],
        "location": [
            [
                {
                    "param": "post_format",
                    "operator": "==",
                    "value": "video"
                }
            ]
        ],
        "menu_order": 0,
        "position": "normal",
        "style": "default",
        "label_placement": "top",
        "instruction_placement": "label",
        "hide_on_screen": "",
        "active": true,
        "description": "",
        "show_in_rest": 0
    }
]
