{"blog-sidebar":{"search-2":{"title":""},"tj-recent-posts-2":{"title":"Popular Post","count":"3","posts_order":"DESC"},"tj-category-widget-2":{"title":"All Catagory","number":"6","orderby":"name","order":"DESC"},"tag_cloud-2":{"title":"Popular Tags","count":0,"taxonomy":"post_tag"}},"footer-1":{"tj-info-widget-2":{"title":"","alignment":"start","description":"Indignation and dislike men who are so beguiled and demoralized by the charms of pleasure. Indignation and","facebook":"https:\/\/facebook.com\/","twitter":"https:\/\/twitter.com\/","instagram":"https:\/\/instagram.com\/","youtube":"","linkedin":"https:\/\/linkedin.com\/","logo_url":"https:\/\/themejunction.net\/wp\/beauly\/wp-content\/uploads\/2024\/01\/logo-footer.png"}},"footer-2":{"tj-working-hours-2":{"title":"Opening Hours","workinglists":"<ul>\r\n    <li>Monday \u2013 Thursday : 10AM to 6PM<\/li>\r\n    <li>Friday \u2013 Saturday : 11AM to 4PM<\/li>\r\n    <li>Sunday : Close<\/li>\r\n<\/ul>"}},"footer-3":{"tj-contact-info-2":{"title":"Get in touch","address":"244, First Floor, 11 St Roots Terrace, Los Angeles","email":"info@beauly.com","phone_number":"+01-123-456-7890"}},"footer-4":{"tj-subscriber-widget-2":{"title":"Newsletter","description":"Indignation and dislike men who are so beguiled and demoralized by","mailchimp_shortcode":"[mc4wp_form id=77]"}},"footer-2-1":{"tj-info-widget-3":{"title":"","alignment":"start","description":"Indignation and dislike men who are so beguiled and demoralized by the charms of pleasure. Indignation and","facebook":"https:\/\/facebook.com\/","twitter":"https:\/\/twitter.com\/","instagram":"https:\/\/instagram.com\/","youtube":"","linkedin":"https:\/\/linkedin.com\/","logo_url":"https:\/\/themejunction.net\/wp\/beauly\/wp-content\/uploads\/2024\/01\/logo-footer.png"}},"footer-2-2":{"nav_menu-3":{"title":"Apartmets","nav_menu":29}},"footer-2-3":{"tj-contact-info-3":{"title":"Get in touch","address":"244, First Floor, 11 St Roots Terrace, Los Angeles","email":"info@beauly.com","phone_number":"+01-123-456-7890"}},"footer-2-4":{"tj-subscriber-widget-4":{"title":"Newsletter","description":"Indignation and dislike men who are so beguiled and demoralized by","mailchimp_shortcode":"[mc4wp_form id=77]"}},"footer-3-1":{"tj-author-info-widget-2":{"name":"Curtis Campher","designation":"Certified Agent","email":"campher@beauly.com","phone":"+92-8800-8960","btn_text":"Contact Us","btn_link":"\/contact\/","logo_url":"https:\/\/themejunction.net\/wp\/beauly\/wp-content\/uploads\/2024\/01\/logo-secondary.png","author_img":"https:\/\/themejunction.net\/wp\/beauly\/wp-content\/uploads\/2024\/01\/footer-author.png"}},"footer-3-2":{"nav_menu-2":{"title":"Apartments","nav_menu":29}},"footer-3-3":{"tj-working-hours-3":{"title":"Opening Hours","workinglists":"<ul>\r\n    <li>Monday \u2013 Thursday : 10AM to 6PM<\/li>\r\n    <li>Friday \u2013 Saturday : 11AM to 4PM<\/li>\r\n    <li>Sunday : Close<\/li>\r\n<\/ul>"}},"footer-3-4":{"tj-subscriber-widget-3":{"title":"Newsletter","description":"Indignation and dislike men who are so beguiled and demoralized by","mailchimp_shortcode":"[mc4wp_form id=77]"}}}